metric,count,finite_fraction,min,median,mean,max,std
span,62500,0.9920477452738845,0.00892367959022522,0.39188075065612793,0.4275103298392296,71.89037322998047,0.4695859848859648
ratio,62500,0.9920477452738845,0.22412825501346903,4.407998589279737,5.3802016185845005,365.92906867832824,4.894713156888697
cpr,62500,0.9920477452738845,0.0027327700518896326,0.2268603267234731,0.26487264715102143,4.461731074200818,0.16720539307155116
difference,62500,0.9920477452738845,-3.5897216796875,0.222747802734375,0.2712306122469902,71.29712677001953,0.4309007488711077
product,62500,0.9920477452738845,1.5767924494980434e-05,0.023091906825357,0.036008644730752465,78.697908885777,0.349588141587143
fraction,62500,0.9920477452738845,0.0027253223725282427,0.18491129085887742,0.19814710252237874,0.8169078655806348,0.08816846555534119
ndsi,62500,0.9920477452738845,-0.6338157311612697,0.6301774182822453,0.6037057949552425,0.9945493552549435,0.17633693111068238
rvi,62500,0.9920477452738845,0.01090128949011297,0.7396451634355097,0.792588410089515,3.267631462322539,0.35267386222136476
entropy,62500,0.9920477452738845,0.008797658133587823,0.6127962819713932,0.610180545306182,0.9996086566385793,0.16541224665922613
alpha,62500,0.9920477452738845,1.0242445508612685,21.779052235233685,22.421803613248272,70.65911065901822,7.744420443650703
dop,62500,0.9920477452738845,0.02329094328900544,0.6976312520144103,0.677055383972147,0.9985133973125898,0.14448828995717825
dprvi,62500,0.9920477452738845,0.00222879903734019,0.4078396920969896,0.421831878563716,0.9880832943358514,0.16327743630811836
prvi,62500,0.9920477452738845,6.755677790045846e-05,0.020221270839720473,0.027597273250974642,0.6509643976046063,0.026664629392764365
shannon,62500,0.9920477452738845,-6.994097474282352,0.36827082462959676,-0.02322533002307699,6.56356822795442,1.5437065078317886
shannon_i,62500,0.9920477452738845,-6.534928404089472,1.0295700245848418,0.703437036582584,11.453450139906446,1.5907875251737376
shannon_p,62500,0.9920477452738845,-5.818858235087848,-0.6668740884148703,-0.726662366605661,-0.0005426152283111585,0.4153337699100251
HH,62500,0.9920477452738845,0.0034312903881073,0.30698204040527344,0.3493704710431099,71.59375,0.44470727658598724
HV,62500,0.9920477452738845,0.0016500502824783325,0.07181739807128906,0.07813985879611969,10.5128173828125,0.0729977016143366
